{
  "test_accuracy": 0.8614285714285714,
  "test_kappa": 0.7352878111537786,
  "test_loss": 0.5477319374680519,
  "per_class_f1": [
    0.9893761917733588,
    0.1722488038277512,
    0.7591911764705882,
    0.0,
    0.6261859582542695
  ],
  "confusion_matrix": [
    [
      1816,
      19,
      0,
      0,
      19
    ],
    [
      0,
      18,
      7,
      0,
      84
    ],
    [
      0,
      60,
      413,
      0,
      89
    ],
    [
      0,
      0,
      105,
      0,
      0
    ],
    [
      1,
      3,
      1,
      0,
      165
    ]
  ],
  "training_history": {
    "train_loss": [
      1.5848686053202703,
      1.4404707505152776,
      1.2995602717766395,
      1.1692715745705824,
      1.0764276156058679,
      1.0289667707223158,
      0.9691331157317529,
      0.95050742992988,
      0.9496544461983901,
      0.9368158441323501,
      0.934068487240718,
      0.8789132374983567,
      0.8290547178341792,
      0.803090920815101,
      0.7644333701867324,
      0.7172400813836318,
      0.7067189445862403,
      0.7063458699446458,
      0.6353863065059369,
      0.6107433759249173,
      0.6028115657659677,
      0.5878116213358365,
      0.5806192205502436,
      0.5594771366852981,
      0.5384607590161837,
      0.5423909013087933,
      0.5565966849143689,
      0.5388460686573615
    ],
    "train_acc": [
      0.18291770573566085,
      0.4706982543640898,
      0.5453865336658354,
      0.685286783042394,
      0.7802992518703242,
      0.801995012468828,
      0.8170822942643392,
      0.8149625935162095,
      0.8219451371571073,
      0.8238154613466334,
      0.8236907730673316,
      0.8270573566084788,
      0.8416458852867831,
      0.8572319201995012,
      0.863715710723192,
      0.8751870324189526,
      0.8900249376558603,
      0.8780548628428928,
      0.900997506234414,
      0.8992518703241895,
      0.904364089775561,
      0.9026184538653367,
      0.9007481296758105,
      0.9103491271820449,
      0.9163341645885287,
      0.9158354114713217,
      0.9118453865336659,
      0.9122194513715711
    ],
    "val_loss": [
      1.588551640510559,
      1.5370855808258057,
      1.3715150356292725,
      1.0806777358055115,
      0.8873998284339905,
      0.7893710732460022,
      0.733077096939087,
      0.7051196992397308,
      0.6892653584480286,
      0.684002959728241,
      0.6130002498626709,
      0.525320851802826,
      0.4888534039258957,
      0.4711752951145172,
      0.4320192873477936,
      0.4004618972539902,
      0.5324006229639053,
      0.3591726735234261,
      0.4112202629446983,
      0.3427832841873169,
      0.3909291669726372,
      0.3426019921898842,
      0.3280173733830452,
      0.3426304176449776,
      0.3258956789970398,
      0.32894234359264374,
      0.3574496656656265,
      0.3468355774879456
    ],
    "val_acc": [
      0.25142857142857145,
      0.20357142857142857,
      0.44857142857142857,
      0.7189285714285715,
      0.7982142857142858,
      0.8446428571428571,
      0.8517857142857143,
      0.8596428571428572,
      0.8639285714285714,
      0.8657142857142858,
      0.8610714285714286,
      0.8817857142857143,
      0.91,
      0.8578571428571429,
      0.8814285714285715,
      0.9192857142857143,
      0.7864285714285715,
      0.9321428571428572,
      0.8621428571428571,
      0.9125,
      0.8685714285714285,
      0.9067857142857143,
      0.9053571428571429,
      0.8989285714285714,
      0.9092857142857143,
      0.9067857142857143,
      0.8860714285714286,
      0.8953571428571429
    ],
    "val_kappa": [
      0.00019080328181653172,
      0.047527231812712456,
      0.259761645030436,
      0.5318063995240725,
      0.6359657550086348,
      0.7087648857487994,
      0.7180385675679808,
      0.7301970414845342,
      0.7373039475573182,
      0.7406660212876544,
      0.7319656329346613,
      0.7667674874682823,
      0.8202138629482327,
      0.7215615639025456,
      0.7660197559265892,
      0.8385012260431576,
      0.5927707567376813,
      0.8635699087534008,
      0.7288968877573416,
      0.8259013601773472,
      0.7422096863009117,
      0.8150527522291483,
      0.812414945219855,
      0.8000119124655876,
      0.8196336117532339,
      0.8150674012009991,
      0.7754539377641376,
      0.7932139701052532
    ]
  },
  "class_names": [
    "Wake",
    "N1",
    "N2",
    "N3",
    "REM"
  ],
  "n_parameters": 732870
}